Time,si_T_psm1,Tx,Ty,Tz,R00,R01,R02,R10,R11,R12,R20,R21,R22,si_T_psm3,Tx,Ty,Tz,R00,R01,R02,R10,R11,R12,R20,R21,R22,si_T_ecm,Tx,Ty,Tz,R00,R01,R02,R10,R11,R12,R20,R21,R22,joint_vars_psm1,q1,q2,q3,q4,q5,q6,jaw,joint_vars_psm3,q1,q2,q3,q4,q5,q6,jaw
si_T_lci
0,-0.05718880519270897,-0.05718880519270897,-0.05718880519270897,0.9848411083221436,-0.11617688834667206,-0.12880569696426392,-0.12222638726234436,-0.9916929006576538,-0.04007411748170853,-0.12308000028133392,0.055210091173648834,-0.9908598065376282
si_T_rci
0,-0.05745702236890793,-0.05745702236890793,-0.05745702236890793,0.9871439337730408,-0.12716473639011383,-0.09682967513799667,-0.12256515026092529,-0.9910931587219238,0.05207768455147743,-0.1025896742939949,-0.03954022750258446,-0.993937611579895
lc_T_ecm
0,4.336808689942018e-18,1.1102230246251565e-16,-3.469446951953614e-18,0.9340208768844604,-0.32346540689468384,0.15157562494277954,-0.3336535692214966,-0.9415361881256104,0.046742480248212814,0.12759436666965485,-0.09423220157623291,-0.9873398542404175
rc_T_ecm
0,-8.326672684688674e-17,-1.119764003743029e-15,4.3725873616340394e-16,0.9962640404701233,-0.08602791279554367,-0.00755940331146121,0.08463667333126068,0.9552455544471741,0.28344762325286865,-0.017163321375846863,-0.2830284833908081,0.9589579105377197
