Time,si_T_psm1,Tx,Ty,Tz,R00,R01,R02,R10,R11,R12,R20,R21,R22,si_T_psm3,Tx,Ty,Tz,R00,R01,R02,R10,R11,R12,R20,R21,R22,si_T_ecm,Tx,Ty,Tz,R00,R01,R02,R10,R11,R12,R20,R21,R22,joint_vars_psm1,q1,q2,q3,q4,q5,q6,jaw,joint_vars_psm3,q1,q2,q3,q4,q5,q6,jaw
si_T_lci
0,-0.057156775146722794,-0.057156775146722794,-0.057156775146722794,0.9891840219497681,-0.10858514904975891,-0.0986112728714943,-0.11505113542079926,-0.9913961291313171,-0.06242536008358002,-0.09098436683416367,0.07309550791978836,-0.9931660890579224
si_T_rci
0,-0.057272836565971375,-0.057272836565971375,-0.057272836565971375,0.9723073244094849,-0.12026266008615494,0.20038798451423645,-0.10720717161893845,-0.9914177656173706,-0.07481593638658524,0.20766577124595642,0.051261056214571,-0.9768558144569397
lc_T_ecm
0,4.336808689942018e-18,1.1102230246251565e-16,-3.469446951953614e-18,0.9340208768844604,-0.32346540689468384,0.15157562494277954,-0.3336535692214966,-0.9415361881256104,0.046742480248212814,0.12759436666965485,-0.09423220157623291,-0.9873398542404175
rc_T_ecm
0,-8.326672684688674e-17,-1.119764003743029e-15,4.3725873616340394e-16,0.9962640404701233,-0.08602791279554367,-0.00755940331146121,0.08463667333126068,0.9552455544471741,0.28344762325286865,-0.017163321375846863,-0.2830284833908081,0.9589579105377197
