Task Time,PC1 Time,PC2 Time,Gaze Calib,s_T_psm1,Tx,Ty,Tz,R00,R01,R02,R10,R11,R12,R20,R21,R22,s_T_psm3,Tx,Ty,Tz,R00,R01,R02,R10,R11,R12,R20,R21,R22,cart_T_ecm,Tx,Ty,Tz,R00,R01,R02,R10,R11,R12,R20,R21,R22,ecm_T_psm1,Tx,Ty,Tz,R00,R01,R02,R10,R11,R12,R20,R21,R22,ecm_T_psm3,Tx,Ty,Tz,R00,R01,R02,R10,R11,R12,R20,R21,R22,psm1_joints,q1,q2,q3,q4,q5,q6,jaw,psm3_joints,q1,q2,q3,q4,q5,q6,jaw,ecm_joints,q1,q2,q3,q4,ecmi_T_ecm,Tx,Ty,Tz,R00,R01,R02,R10,R11,R12,R20,R21,R22,Sample #,Task Duration (s),Collisions (binary),Collisions (increments),Cumulative Collision Time (s)
""
lci_T_si,,,,,-0.068707645,0.020489601,0.2834373,0.995433,0.039292622,0.08700172,0.085671365,-0.76975167,-0.6325684,0.042114448,0.637133,-0.7696024
rci_T_si,,,,,-0.07896242,0.025339466,0.29320818,0.9952872,0.02216,0.09440528,0.07838465,-0.7570026,-0.64869326,0.057089996,0.653036,-0.75517195
ecm_T_lc,,,,,-4.4061628e-05,-0.00034663224,-0.01840835,-0.99912,0.030754527,0.028518902,-0.031987965,-0.99852574,-0.043852776,0.027128186,-0.04472645,0.9986309
ecm_T_rc,,,,,-0.0043358393,0.01870579,-0.007592615,-0.99555075,-0.052743673,-0.078081585,0.04863213,-0.9973746,0.053654674,-0.08070653,0.04961868,0.9955021
cart_T_ecmi,,,,,0.0893651,1.3456668,0.4810306,0.9960462,0.0026996196,-0.08879599,-0.05387925,-0.7763622,-0.62797993,-0.07063315,0.6302813,-0.7731471
ecmac_T_ecmrep_psm1,,,,,0.08626859,-0.2052861,-0.33370098,0.999004,0.025128257,0.036871605,-0.023534218,0.9987958,-0.04304718,-0.037908904,0.04213656,0.9983924
ecmac_T_ecmrep_psm3,,,,,-0.16209933,-0.49188918,-0.56672233,0.99379694,-0.09876928,0.05111077,0.087427974,0.9779163,0.18983154,-0.068731576,-0.18418549,0.98048544
""
