Task Time,PC1 Time,PC2 Time,Gaze Calib,s_T_psm1,Tx,Ty,Tz,R00,R01,R02,R10,R11,R12,R20,R21,R22,s_T_psm3,Tx,Ty,Tz,R00,R01,R02,R10,R11,R12,R20,R21,R22,cart_T_ecm,Tx,Ty,Tz,R00,R01,R02,R10,R11,R12,R20,R21,R22,ecm_T_psm1,Tx,Ty,Tz,R00,R01,R02,R10,R11,R12,R20,R21,R22,ecm_T_psm3,Tx,Ty,Tz,R00,R01,R02,R10,R11,R12,R20,R21,R22,psm1_joints,q1,q2,q3,q4,q5,q6,jaw,psm3_joints,q1,q2,q3,q4,q5,q6,jaw,ecm_joints,q1,q2,q3,q4,ecmi_T_ecm,Tx,Ty,Tz,R00,R01,R02,R10,R11,R12,R20,R21,R22,Sample #,Task Duration (s),Collisions (binary),Collisions (increments),Cumulative Collision Time (s),Clutch Press,MTMR Angle,MTML Angle
""
lci_T_si,,,,,-0.0687669,0.020795314,0.27218917,0.9953121,0.037882615,0.088987425,0.0858585,-0.7696462,-0.6326713,0.044521596,0.63734573,-0.76929075
rci_T_si,,,,,-0.078766264,0.02548423,0.2820098,0.9949362,0.018747155,0.09874434,0.07869382,-0.7564569,-0.6492921,0.062523454,0.6537748,-0.75410163
ecm_T_lc,,,,,-4.4061628e-05,-0.00034663224,-0.01840835,-0.99912,0.030754527,0.028518902,-0.031987965,-0.99852574,-0.043852776,0.027128186,-0.04472645,0.9986309
ecm_T_rc,,,,,-0.0043358393,0.01870579,-0.007592615,-0.99555075,-0.052743673,-0.078081585,0.04863213,-0.9973746,0.053654674,-0.08070653,0.04961868,0.9955021
cart_T_ecmi,,,,,0.08839129,1.3389535,0.47294158,0.9960446,0.0028138428,-0.088810675,-0.053873427,-0.7757085,-0.6287877,-0.07066051,0.6310851,-0.77248865
ecmac_T_ecmrep_psm1,,,,,0.08626859,-0.2052861,-0.33370098,0.999004,0.025128257,0.036871605,-0.023534218,0.9987958,-0.04304718,-0.037908904,0.04213656,0.9983924
ecmac_T_ecmrep_psm3,,,,,-0.16209933,-0.49188918,-0.56672233,0.99379694,-0.09876928,0.05111077,0.087427974,0.9779163,0.18983154,-0.068731576,-0.18418549,0.98048544
""
