Task Time,PC1 Time,PC2 Time,Gaze Calib,s_T_psm1,Tx,Ty,Tz,R00,R01,R02,R10,R11,R12,R20,R21,R22,s_T_psm3,Tx,Ty,Tz,R00,R01,R02,R10,R11,R12,R20,R21,R22,cart_T_ecm,Tx,Ty,Tz,R00,R01,R02,R10,R11,R12,R20,R21,R22,ecm_T_psm1,Tx,Ty,Tz,R00,R01,R02,R10,R11,R12,R20,R21,R22,ecm_T_psm3,Tx,Ty,Tz,R00,R01,R02,R10,R11,R12,R20,R21,R22,psm1_joints,q1,q2,q3,q4,q5,q6,jaw,psm3_joints,q1,q2,q3,q4,q5,q6,jaw,ecm_joints,q1,q2,q3,q4,ecmi_T_ecm,Tx,Ty,Tz,R00,R01,R02,R10,R11,R12,R20,R21,R22,Sample #,Task Duration (s),Collisions (binary),Collisions (increments),Cumulative Collision Time (s)
""
lci_T_si,,,,,-0.06864664,0.020345602,0.2890615,0.99532545,0.03969508,0.088043,0.08664945,-0.7696396,-0.6325715,0.0426514,0.6372434,-0.7694815
rci_T_si,,,,,-0.07896216,0.025393918,0.29907534,0.99532294,0.021917025,0.09408447,0.07796809,-0.75728124,-0.6484181,0.05703701,0.652721,-0.7554482
ecm_T_lc,,,,,-4.4061628e-05,-0.00034663224,-0.01840835,-0.99912,0.030754527,0.028518902,-0.031987965,-0.99852574,-0.043852776,0.027128186,-0.04472645,0.9986309
ecm_T_rc,,,,,-0.0043358393,0.01870579,-0.007592615,-0.99555075,-0.052743673,-0.078081585,0.04863213,-0.9973746,0.053654674,-0.08070653,0.04961868,0.9955021
cart_T_ecmi,,,,,0.08983337,1.3490086,0.48509175,0.996048,0.002676884,-0.08877665,-0.05385887,-0.7765921,-0.62769735,-0.07062352,0.629998,-0.7733788
ecmac_T_ecmrep_psm1,,,,,0.08626859,-0.2052861,-0.33370098,0.999004,0.025128257,0.036871605,-0.023534218,0.9987958,-0.04304718,-0.037908904,0.04213656,0.9983924
ecmac_T_ecmrep_psm3,,,,,-0.16209933,-0.49188918,-0.56672233,0.99379694,-0.09876928,0.05111077,0.087427974,0.9779163,0.18983154,-0.068731576,-0.18418549,0.98048544
""
